Question,Answer
What is the MUSIC algorithm?,MUSIC (Multiple Signal Classification) is a subspace-based method for estimating the Direction of Arrival (DOA) of signals.
Who proposed the MUSIC algorithm?,The MUSIC algorithm was proposed by Schmidt in 1986.
What does MUSIC stand for?,MUSIC stands for Multiple Signal Classification.
What is the main application of the MUSIC algorithm?,The MUSIC algorithm is primarily used for DOA estimation in array signal processing.
How does the MUSIC algorithm estimate DOA?,It estimates DOA using the eigenspace method by separating the signal and noise subspaces.
What kind of signals can the MUSIC algorithm handle?,It is effective for uncorrelated signals but struggles with correlated signals.
What is the key assumption of the MUSIC algorithm?,The key assumption is that noise and signals are uncorrelated.
What mathematical concept is central to the MUSIC algorithm?,The algorithm relies on eigenvalue decomposition of the covariance matrix.
What is the main advantage of the MUSIC algorithm?,It provides high-resolution DOA estimation for multiple sources.
What is the main limitation of the MUSIC algorithm?,It requires a large number of snapshots and performs poorly with correlated signals.
What is the role of the covariance matrix in MUSIC?,The covariance matrix is decomposed into signal and noise subspaces for DOA estimation.
What is the noise subspace in MUSIC?,The noise subspace consists of eigenvectors corresponding to the smallest eigenvalues of the covariance matrix.
What is the signal subspace in MUSIC?,The signal subspace consists of eigenvectors associated with the largest eigenvalues of the covariance matrix.
What is the spatial spectrum function in MUSIC?,The spatial spectrum function is used to identify peaks corresponding to DOA angles.
How is the number of sources determined in MUSIC?,By analyzing the eigenvalues of the covariance matrix.
What happens if the number of sources is underestimated in MUSIC?,Some sources may not be detected.
What happens if the number of sources is overestimated in MUSIC?,False detections may occur due to noise being misclassified as signals.
What is the impact of noise on the MUSIC algorithm?,Higher noise levels can reduce the accuracy of DOA estimation.
How does MUSIC compare to the ESPRIT algorithm?,"MUSIC requires an exhaustive search for peaks, whereas ESPRIT exploits the rotational invariance structure."
Can the MUSIC algorithm work with real-time applications?,"MUSIC can be computationally intensive, making it less suitable for real-time applications without optimization."
How does MUSIC perform in low SNR environments?,"It can still estimate DOAs, but the accuracy is degraded at low SNRs."
What preprocessing technique can improve MUSIC?,Adaptive Directional Time-Frequency Distributions (ADTFD) can improve its performance.
What is the computational complexity of MUSIC?,It is relatively high due to the eigenvalue decomposition and exhaustive peak search.
Can MUSIC be used for wideband signals?,"MUSIC is primarily designed for narrowband signals, but modifications exist for wideband applications."
What is the effect of sensor array geometry on MUSIC?,The geometry of the sensor array significantly affects the resolution and accuracy of DOA estimation.
Can MUSIC handle coherent sources?,"Standard MUSIC fails with coherent sources, but preprocessing techniques like spatial smoothing can help."
How does MUSIC handle under-determined cases?,"In under-determined scenarios (fewer sensors than sources), MUSIC may fail without special modifications."
What is the role of eigenvectors in MUSIC?,Eigenvectors of the covariance matrix define the noise and signal subspaces.
How does MUSIC estimate DOAs using eigenvectors?,It projects steering vectors onto the noise subspace and finds peaks in the spatial spectrum function.
What is the significance of the noise eigenvalues in MUSIC?,They help separate noise from signal components in the covariance matrix.
What is the impact of the number of array elements on MUSIC?,More elements improve resolution but increase computational complexity.
Why is MUSIC considered a high-resolution algorithm?,It can resolve closely spaced signals better than conventional beamforming techniques.
What is a steering vector in MUSIC?,A steering vector represents the response of the array to a signal arriving from a particular direction.
How is the MUSIC spectrum function calculated?,By computing the inverse of the projection of steering vectors onto the noise subspace.
What is the effect of array imperfections on MUSIC?,Array imperfections like sensor misalignment can degrade performance.
What is the effect of snapshot number on MUSIC?,A higher number of snapshots improves estimation accuracy.
What happens when sources are highly correlated in MUSIC?,"The algorithm may fail to distinguish between them, leading to poor performance."
How does spatial smoothing help MUSIC?,Spatial smoothing can decorrelate coherent sources to improve DOA estimation.
What kind of applications use the MUSIC algorithm?,"Applications include radar, sonar, wireless communications, and seismology."
How does MUSIC perform compared to beamforming?,MUSIC provides higher resolution than conventional beamforming.
How is MUSIC implemented in practice?,"It involves covariance matrix computation, eigenvalue decomposition, and spectral peak search."
What role does the signal-to-noise ratio (SNR) play in MUSIC?,"Higher SNR improves estimation accuracy, while low SNR degrades it."
How can MUSIC be adapted for moving sources?,Tracking algorithms and adaptive filtering can be used to handle moving sources.
How does the MUSIC algorithm perform in a multipath environment?,Multipath can cause inaccuracies unless mitigated with preprocessing techniques.
What are some alternatives to MUSIC for DOA estimation?,"Alternatives include ESPRIT, Eigenvalue Decomposition (EVD), and Capon methods."
How does MUSIC behave in the presence of reverberation?,Reverberation can introduce errors in DOA estimation.
What programming languages are used to implement MUSIC?,"Common languages include MATLAB, Python, and C++."
Can machine learning improve MUSIC-based DOA estimation?,"Yes, deep learning techniques have been proposed to enhance MUSIC performance."
What modifications exist for MUSIC in 3D applications?,Extended versions like 3D MUSIC are used for three-dimensional DOA estimation.
Summarize the MUSIC Algorithm?,"The Multiple Signal Classification (MUSIC) algorithm is a high-resolution Direction of Arrival (DOA) estimation technique used in array signal processing. It was proposed by Schmidt in 1986 and is widely applied in radar, sonar, wireless communications, and seismology."
What are key Principles of the MUSIC algorithm?,"MUSIC is a subspace-based method that relies on eigenvalue decomposition (EVD) of the covariance matrix of the received signals.
It separates the received signals into two orthogonal subspaces: Signal subspace: Contains eigenvectors corresponding to the strongest eigenvalues. Noise subspace: Contains eigenvectors corresponding to the smallest eigenvalues."
How does MUSIC Works?,"Compute the covariance matrix of the received signal. Perform eigenvalue decomposition to separate signal and noise subspaces. Construct a spatial spectrum function, which is the inverse of the projection of steering vectors onto the noise subspace. Identify the peaks in the spectrum, which correspond to the DOAs of incoming signals."
What are the advantages of the MUSIC algorithm?,"High resolution: It can distinguish closely spaced sources better than traditional beamforming methods. Does not require array calibration like beamforming. Works well in low SNR environments, given enough snapshots. "
What are some limitations of the MUSIC algorithm? ,"Fails with correlated signals (e.g., multipath environments). Computationally expensive due to eigenvalue decomposition and peak searching. Requires accurate knowledge of the number of sources. "
What are future enhancements of the MUSIC algorithm?,Adaptive Directional Time-Frequency Distributions (ADTFD) can improve MUSICâ€™s performance. Spatial smoothing helps handle correlated sources. Machine learning techniques have been explored to improve its accuracy in dynamic environments.
